{"cameraMode":{"drawMode":0,"name":"Shaded","section":"Shading Mode"},"sceneLighting":false,"audioPlay":false,"sceneViewState":{"showFog":true,"showMaterialUpdate":false,"showSkybox":true,"showFlares":true,"showImageEffects":true,"showParticleSystems":true},"in2DMode":false,"pivot":{"x":0.94114089012146,"y":0.45532453060150149,"z":-15.993881225585938},"rotation":{"x":0.03405184671282768,"y":0.9445499181747437,"z":-0.10384119302034378,"w":0.3096497654914856},"size":10.703727722167969,"orthographic":false}