{"cameraMode":{"drawMode":0,"name":"Shaded","section":"Shading Mode"},"sceneLighting":true,"audioPlay":false,"sceneViewState":{"showFog":true,"showMaterialUpdate":false,"showSkybox":true,"showFlares":true,"showImageEffects":true,"showParticleSystems":true},"in2DMode":false,"pivot":{"x":13.631255149841309,"y":4.296297073364258,"z":57.683189392089847},"rotation":{"x":-0.03599085286259651,"y":-0.009909232147037983,"z":0.0003460752486716956,"w":-0.9993029236793518},"size":150.2029571533203,"orthographic":false}